metric,pair,n_tasks,mean_diff,median_diff,rank_biserial,ci95_lo,ci95_hi,p_raw,p_holm
accuracy,A-B,50,0.011999999999999997,0.0,0.10507246376811594,-0.039999999999999994,0.06400000000000002,0.6571707915383947,1.0
accuracy,B-C,50,-0.023999999999999994,0.0,-0.1038961038961039,-0.07200000000000001,0.023999999999999994,0.6733137274149477,1.0
accuracy,A-C,50,-0.011999999999999995,0.0,0.06719367588932806,-0.068,0.044000000000000004,0.7807134385299465,1.0
latency_seconds,A-B,50,-88.46914000000001,-2.9625000000000012,-0.527843137254902,-147.96070899999998,-38.48742450000005,0.0008806696990912855,0.001761339398182571
latency_seconds,B-C,50,0.39487599999999984,0.19189999999999774,0.0815686274509804,-1.9027392999999997,2.6257859999999993,0.6156862219296673,0.6156862219296673
latency_seconds,A-C,50,-88.07426400000003,-5.382100000000001,-0.6015686274509804,-146.779312,-38.87118099999999,0.00012454807471407037,0.0003736442241422111
total_tokens,A-B,50,-2586.8520000000003,-2228.4,-0.5027450980392156,-4326.1197,-1013.6437000000008,0.0015962870115284744,0.004788861034585423
total_tokens,B-C,50,675.924,1300.3999999999999,0.2203921568627451,-836.5188,2126.8559,0.1781010477908609,0.3562020955817218
total_tokens,A-C,50,-1910.9279999999992,-53.79999999999836,-0.17647058823529413,-3885.4293,-136.573100000001,0.28229295463063053,0.3562020955817218
input_tokens,A-B,50,-2537.272,-1800.2,-0.49333333333333335,-4242.273399999999,-989.7864000000005,0.00197803909377825,0.00593411728133475
input_tokens,B-C,50,758.2080000000004,1287.3000000000002,0.23137254901960785,-714.5199999999998,2175.2844999999993,0.15714035289247086,0.3142807057849417
input_tokens,A-C,50,-1779.0639999999999,-33.80000000000018,-0.15137254901960784,-3710.4222999999993,-40.16510000000296,0.35718707191412413,0.35718707191412413
output_tokens,A-B,50,-49.58,-35.10000000000001,-0.2235294117647059,-105.68309999999997,4.497099999999991,0.17191424676435396,0.17191424676435396
output_tokens,B-C,50,-82.28400000000002,-33.499999999999986,-0.39215686274509803,-134.91000000000003,-31.828000000000003,0.015807338586039922,0.031614677172079844
output_tokens,A-C,50,-131.864,-83.30000000000004,-0.5648979591836735,-193.4697,-73.14640000000001,0.0005778888776978918,0.0017336666330936756
llm_calls,A-B,50,-0.12799999999999995,0.0,-0.09302325581395349,-0.5039999999999999,0.23200000000000004,0.5950579587033897,1.0
llm_calls,B-C,50,-0.031999999999999994,0.2999999999999998,0.039965986394557826,-0.38010000000000005,0.3,0.8093913846394616,1.0
llm_calls,A-C,50,-0.15999999999999995,0.0,-0.008325624421831638,-0.64,0.288,0.9607638799539098,1.0
repeated_work,A-B,50,-0.056316000000000005,-0.06579999999999997,-0.3469387755102041,-0.10590179999999999,-0.006783300000000005,0.03453122676670225,0.10359368030010674
repeated_work,B-C,50,0.015804,0.0008000000000000229,0.08081632653061224,-0.037679599999999994,0.06974879999999992,0.6224429010644494,0.6224429010644494
repeated_work,A-C,50,-0.040512,-0.056999999999999995,-0.2376470588235294,-0.10185360000000002,0.020517799999999968,0.14601836144972324,0.2920367228994465
corrections,A-B,50,0.11199999999999999,0.09999999999999998,0.2926829268292683,-0.01600000000000001,0.23999999999999996,0.10150369740950063,0.20300739481900126
corrections,B-C,50,0.05600000000000002,0.0,0.1452358926919519,-0.06399999999999999,0.17600000000000002,0.3887982942952143,0.3887982942952143
corrections,A-C,50,0.168,0.19999999999999996,0.49634146341463414,0.06,0.27999999999999997,0.006025943674256412,0.018077831022769233
